host,user,uid,groups,is_sudoer
shrpwe-apex02,adm,3,adm;systemd-journal;admin,True
shrpwe-apex02,adm_andy,7001,admin,True
shrpwe-apex02,ansible,54324,wheel,True
shrpwe-apex02,apache,48,,False
shrpwe-apex02,axi.a_kwlm,2002,admin,True
shrpwe-apex02,axi.a_mley,2001,admin,True
shrpwe-apex02,azureadmin,1000,adm;systemd-journal,False
shrpwe-apex02,bin,1,,False
shrpwe-apex02,chrony,992,,False
shrpwe-apex02,clevis,983,tss,False
shrpwe-apex02,cockpit-ws,994,,False
shrpwe-apex02,cockpit-wsinstance,993,,False
shrpwe-apex02,daemon,2,,False
shrpwe-apex02,dbus,81,,False
shrpwe-apex02,dnsmasq,987,,False
shrpwe-apex02,ftp,14,,False
shrpwe-apex02,games,12,,False
shrpwe-apex02,halt,7,,False
shrpwe-apex02,lansweeper,54323,wheel,True
shrpwe-apex02,libstoragemgmt,996,,False
shrpwe-apex02,lp,4,,False
shrpwe-apex02,mail,8,,False
shrpwe-apex02,nobody,65534,,False
shrpwe-apex02,nxautomation,984,omiusers;omsagent,False
shrpwe-apex02,omi,986,,False
shrpwe-apex02,omsagent,985,,False
shrpwe-apex02,operator,11,,False
shrpwe-apex02,oracle,54321,oinstall;dba;oper;backupdba;dgdba;kmdba;racdba,False
shrpwe-apex02,polkitd,997,,False
shrpwe-apex02,root,0,,False
shrpwe-apex02,rpc,32,,False
shrpwe-apex02,rpcuser,29,,False
shrpwe-apex02,sentinelone,981,,False
shrpwe-apex02,setroubleshoot,982,,False
shrpwe-apex02,shutdown,6,,False
shrpwe-apex02,sshd,74,,False
shrpwe-apex02,sssd,995,,False
shrpwe-apex02,svc_rapid7,54322,,False
shrpwe-apex02,sync,5,,False
shrpwe-apex02,systemd-coredump,999,,False
shrpwe-apex02,systemd-resolve,193,,False
shrpwe-apex02,tcpdump,72,,False
shrpwe-apex02,tss,59,,False
shrpwe-apex02,unbound,998,,False
epbpwe-rpr01,abrt,173,,False
epbpwe-rpr01,adm,3,admin,True
epbpwe-rpr01,adm_andy,7001,admin,True
epbpwe-rpr01,ansible,1004,wheel,True
epbpwe-rpr01,apache,48,,False
epbpwe-rpr01,avahi,70,,False
epbpwe-rpr01,axi.a_kwlm,2002,admin,True
epbpwe-rpr01,axi.a_mley,2001,admin,True
epbpwe-rpr01,bin,1,,False
epbpwe-rpr01,chrony,997,,False
epbpwe-rpr01,colord,991,,False
epbpwe-rpr01,daemon,2,,False
epbpwe-rpr01,dbus,81,,False
epbpwe-rpr01,dcsdba,1001,,False
epbpwe-rpr01,ftp,14,,False
epbpwe-rpr01,games,12,,False
epbpwe-rpr01,gdm,42,,False
epbpwe-rpr01,geoclue,993,,False
epbpwe-rpr01,gluster,988,,False
epbpwe-rpr01,gnome-initial-setup,985,,False
epbpwe-rpr01,halt,7,,False
epbpwe-rpr01,lansweeper,1003,wheel,True
epbpwe-rpr01,libstoragemgmt,998,,False
epbpwe-rpr01,lp,4,,False
epbpwe-rpr01,mail,8,,False
epbpwe-rpr01,nfsnobody,65534,,False
epbpwe-rpr01,nobody,99,,False
epbpwe-rpr01,ntp,38,,False
epbpwe-rpr01,nxautomation,982,omiusers;omsagent,False
epbpwe-rpr01,omi,984,,False
epbpwe-rpr01,omsagent,983,,False
epbpwe-rpr01,operator,11,,False
epbpwe-rpr01,pcp,992,,False
epbpwe-rpr01,polkitd,999,,False
epbpwe-rpr01,postfix,89,mail,False
epbpwe-rpr01,pulse,171,,False
epbpwe-rpr01,qemu,107,kvm,False
epbpwe-rpr01,radvd,75,,False
epbpwe-rpr01,root,0,,False
epbpwe-rpr01,rpc,32,,False
epbpwe-rpr01,rpcuser,29,,False
epbpwe-rpr01,rtkit,172,,False
epbpwe-rpr01,saned,990,,False
epbpwe-rpr01,saslauth,987,,False
epbpwe-rpr01,sentinelone,981,,False
epbpwe-rpr01,setroubleshoot,986,,False
epbpwe-rpr01,shutdown,6,,False
epbpwe-rpr01,socius24,1000,,False
epbpwe-rpr01,sshd,74,,False
epbpwe-rpr01,svc_rapid7,1002,,False
epbpwe-rpr01,sync,5,,False
epbpwe-rpr01,systemd-network,192,,False
epbpwe-rpr01,tcpdump,72,,False
epbpwe-rpr01,tss,59,,False
epbpwe-rpr01,unbound,989,,False
epbpwe-rpr01,usbmuxd,113,,False
dbpwe-mon01,adm,3,adm;systemd-journal;admin,True
dbpwe-mon01,adm_andy,7001,admin,True
dbpwe-mon01,ansible,1001,,False
dbpwe-mon01,ansible-exi,1002,,False
dbpwe-mon01,axi.a_kwlm,2002,admin,True
dbpwe-mon01,axi.a_mley,2001,admin,True
dbpwe-mon01,azureadmin,1000,adm;systemd-journal,False
dbpwe-mon01,bin,1,,False
dbpwe-mon01,chrony,990,,False
dbpwe-mon01,clevis,997,tss,False
dbpwe-mon01,cockpit-ws,992,,False
dbpwe-mon01,cockpit-wsinstance,991,,False
dbpwe-mon01,daemon,2,,False
dbpwe-mon01,dbus,81,,False
dbpwe-mon01,dnsmasq,985,,False
dbpwe-mon01,ftp,14,,False
dbpwe-mon01,games,12,,False
dbpwe-mon01,halt,7,,False
dbpwe-mon01,lansweeper,1005,,False
dbpwe-mon01,libstoragemgmt,995,,False
dbpwe-mon01,lp,4,,False
dbpwe-mon01,mail,8,,False
dbpwe-mon01,mysql,1003,,False
dbpwe-mon01,nobody,65534,,False
dbpwe-mon01,operator,11,,False
dbpwe-mon01,polkitd,998,,False
dbpwe-mon01,root,0,,False
dbpwe-mon01,rpc,32,,False
dbpwe-mon01,rpcuser,29,,False
dbpwe-mon01,sentinelone,983,,False
dbpwe-mon01,setroubleshoot,994,,False
dbpwe-mon01,shutdown,6,,False
dbpwe-mon01,sshd,74,,False
dbpwe-mon01,sssd,993,,False
dbpwe-mon01,sync,5,,False
dbpwe-mon01,systemd-coredump,999,,False
dbpwe-mon01,systemd-resolve,193,,False
dbpwe-mon01,tcpdump,72,,False
dbpwe-mon01,tss,59,,False
dbpwe-mon01,unbound,996,,False
dbpwe-mon01,zabbix,984,,False
dbpwe-mon01,zbxdb,1004,,False
epbpwe-stt01,AzureAdmin,1000,adm;systemd-journal,False
epbpwe-stt01,adm,3,admin,True
epbpwe-stt01,adm_andy,7001,admin,True
epbpwe-stt01,ansible,1004,wheel,True
epbpwe-stt01,apache,48,,False
epbpwe-stt01,axi.a_kwlm,2002,admin,True
epbpwe-stt01,axi.a_mley,2001,admin,True
epbpwe-stt01,bin,1,,False
epbpwe-stt01,chrony,993,,False
epbpwe-stt01,cockpit-ws,995,,False
epbpwe-stt01,cockpit-wsinstance,994,,False
epbpwe-stt01,daemon,2,,False
epbpwe-stt01,dbus,81,,False
epbpwe-stt01,ftp,14,,False
epbpwe-stt01,games,12,,False
epbpwe-stt01,halt,7,,False
epbpwe-stt01,lansweeper,1003,wheel,True
epbpwe-stt01,libstoragemgmt,997,,False
epbpwe-stt01,lp,4,,False
epbpwe-stt01,mail,8,,False
epbpwe-stt01,nobody,65534,,False
epbpwe-stt01,nxautomation,985,omiusers;omsagent,False
epbpwe-stt01,omi,987,,False
epbpwe-stt01,omsagent,986,,False
epbpwe-stt01,operator,11,,False
epbpwe-stt01,polkitd,998,,False
epbpwe-stt01,postgres,26,,False
epbpwe-stt01,rngd,992,,False
epbpwe-stt01,root,0,,False
epbpwe-stt01,sentinelone,984,,False
epbpwe-stt01,shutdown,6,,False
epbpwe-stt01,sshd,74,,False
epbpwe-stt01,sssd,996,,False
epbpwe-stt01,svc_rapid7,1002,,False
epbpwe-stt01,swiagent,988,,False
epbpwe-stt01,sync,5,,False
epbpwe-stt01,systemd-coredump,999,,False
epbpwe-stt01,systemd-resolve,193,,False
epbpwe-stt01,tcpdump,72,,False
epbpwe-stt01,tss,59,,False
epbpwe-stt01,wildfly,1001,,False
epbpwe-stp03,_apt,100,,False
epbpwe-stp03,_chrony,106,,False
epbpwe-stp03,adm_andy,7001,admin,True
epbpwe-stp03,ansible,1004,sudo,True
epbpwe-stp03,axi.a_kwlm,2002,admin,True
epbpwe-stp03,axi.a_mley,2001,admin,True
epbpwe-stp03,backup,34,,False
epbpwe-stp03,bin,2,,False
epbpwe-stp03,copas,997,,False
epbpwe-stp03,daemon,1,,False
epbpwe-stp03,edistpusr,1000,adm;dialout;cdrom;floppy;sudo;audio;dip;video;plugdev;netdev,True
epbpwe-stp03,elasticsearch,108,,False
epbpwe-stp03,games,5,,False
epbpwe-stp03,gnats,41,,False
epbpwe-stp03,irc,39,,False
epbpwe-stp03,lansweeper,1003,sudo,True
epbpwe-stp03,list,38,,False
epbpwe-stp03,lp,7,,False
epbpwe-stp03,mail,8,,False
epbpwe-stp03,man,6,,False
epbpwe-stp03,messagebus,103,,False
epbpwe-stp03,news,9,,False
epbpwe-stp03,nobody,65534,,False
epbpwe-stp03,proxy,13,,False
epbpwe-stp03,root,0,,False
epbpwe-stp03,sentinelone,996,,False
epbpwe-stp03,sshd,107,,False
epbpwe-stp03,svc_rapid7,1001,sudo,True
epbpwe-stp03,swiagent,995,,False
epbpwe-stp03,sync,4,,False
epbpwe-stp03,sys,3,,False
epbpwe-stp03,systemd-coredump,998,,False
epbpwe-stp03,systemd-network,101,,False
epbpwe-stp03,systemd-resolve,102,,False
epbpwe-stp03,systemd-timesync,999,,False
epbpwe-stp03,tcpdump,105,,False
epbpwe-stp03,uucp,10,,False
epbpwe-stp03,uuidd,104,,False
epbpwe-stp03,wildfly,1002,,False
epbpwe-stp03,www-data,33,,False
shrpwe-sysl01,_apt,105,,False
shrpwe-sysl01,_chrony,113,,False
shrpwe-sysl01,adm_andy,7001,admin,True
shrpwe-sysl01,ansible,1003,sudo,True
shrpwe-sysl01,axi.a_kwlm,2002,admin,True
shrpwe-sysl01,axi.a_mley,2001,admin,True
shrpwe-sysl01,azureadmin,1000,adm;dialout;cdrom;floppy;sudo;audio;dip;video;plugdev;netdev;lxd,True
shrpwe-sysl01,backup,34,,False
shrpwe-sysl01,bin,2,,False
shrpwe-sysl01,daemon,1,,False
shrpwe-sysl01,fwupd-refresh,112,,False
shrpwe-sysl01,games,5,,False
shrpwe-sysl01,gnats,41,,False
shrpwe-sysl01,irc,39,,False
shrpwe-sysl01,landscape,110,,False
shrpwe-sysl01,lansweeper,1002,sudo,True
shrpwe-sysl01,list,38,,False
shrpwe-sysl01,lp,7,,False
shrpwe-sysl01,lxd,998,,False
shrpwe-sysl01,mail,8,,False
shrpwe-sysl01,man,6,,False
shrpwe-sysl01,messagebus,103,,False
shrpwe-sysl01,news,9,,False
shrpwe-sysl01,nobody,65534,,False
shrpwe-sysl01,nxautomation,995,omiusers;omsagent,False
shrpwe-sysl01,omi,997,,False
shrpwe-sysl01,omsagent,996,,False
shrpwe-sysl01,pollinate,111,,False
shrpwe-sysl01,proxy,13,,False
shrpwe-sysl01,root,0,,False
shrpwe-sysl01,sentinelone,994,,False
shrpwe-sysl01,sshd,109,,False
shrpwe-sysl01,svc_rapid7,1001,sudo,True
shrpwe-sysl01,sync,4,,False
shrpwe-sysl01,sys,3,adm;tty,False
shrpwe-sysl01,syslog,104,adm;tty,False
shrpwe-sysl01,systemd-coredump,999,,False
shrpwe-sysl01,systemd-network,100,,False
shrpwe-sysl01,systemd-resolve,101,,False
shrpwe-sysl01,systemd-timesync,102,,False
shrpwe-sysl01,tcpdump,108,,False
shrpwe-sysl01,tss,106,,False
shrpwe-sysl01,uucp,10,,False
shrpwe-sysl01,uuidd,107,,False
shrpwe-sysl01,www-data,33,,False
epfpwe-yt01,_apt,100,,False
epfpwe-yt01,_chrony,106,,False
epfpwe-yt01,adm_andy,7001,admin,True
epfpwe-yt01,ansible,1008,sudo,True
epfpwe-yt01,axi.a_kwlm,2002,admin,True
epfpwe-yt01,axi.a_mley,2001,admin,True
epfpwe-yt01,backup,34,,False
epfpwe-yt01,bin,2,,False
epfpwe-yt01,daemon,1,,False
epfpwe-yt01,dc,1000,adm;dialout;cdrom;floppy;sudo;audio;dip;www-data;video;plugdev;netdev;docker,True
epfpwe-yt01,games,5,,False
epfpwe-yt01,gnats,41,,False
epfpwe-yt01,irc,39,,False
epfpwe-yt01,jk,1001,www-data,False
epfpwe-yt01,lansweeper,1007,sudo,True
epfpwe-yt01,list,38,,False
epfpwe-yt01,lp,7,,False
epfpwe-yt01,mail,8,,False
epfpwe-yt01,man,6,,False
epfpwe-yt01,messagebus,103,,False
epfpwe-yt01,minkovm,1002,www-data,False
epfpwe-yt01,mysql,108,,False
epfpwe-yt01,news,9,,False
epfpwe-yt01,nobody,65534,,False
epfpwe-yt01,proxy,13,,False
epfpwe-yt01,redis,109,,False
epfpwe-yt01,root,0,,False
epfpwe-yt01,sentinelone,997,,False
epfpwe-yt01,sshd,107,,False
epfpwe-yt01,svc_rapid7,1004,sudo,True
epfpwe-yt01,sync,4,,False
epfpwe-yt01,sys,3,,False
epfpwe-yt01,systemd-coredump,998,,False
epfpwe-yt01,systemd-network,101,,False
epfpwe-yt01,systemd-resolve,102,,False
epfpwe-yt01,systemd-timesync,999,,False
epfpwe-yt01,tapnet,1003,,False
epfpwe-yt01,tcpdump,105,,False
epfpwe-yt01,tuomasri,1005,www-data,False
epfpwe-yt01,uucp,10,,False
epfpwe-yt01,uuidd,104,,False
epfpwe-yt01,valkojii,1006,,False
epfpwe-yt01,www-data,33,adm;dc,False
shrtwe-apex01,adm,3,adm;systemd-journal;admin,True
shrtwe-apex01,adm_andy,7001,admin,True
shrtwe-apex01,ansible,54323,wheel,True
shrtwe-apex01,apache,48,,False
shrtwe-apex01,avahi,70,,False
shrtwe-apex01,axi.a_kwlm,2002,admin,True
shrtwe-apex01,axi.a_mley,2001,admin,True
shrtwe-apex01,azureadmin,1000,adm;systemd-journal,False
shrtwe-apex01,bin,1,,False
shrtwe-apex01,chrony,992,,False
shrtwe-apex01,clevis,982,tss,False
shrtwe-apex01,cockpit-ws,994,,False
shrtwe-apex01,cockpit-wsinstance,993,,False
shrtwe-apex01,daemon,2,,False
shrtwe-apex01,dbus,81,,False
shrtwe-apex01,dnsmasq,987,,False
shrtwe-apex01,ftp,14,,False
shrtwe-apex01,games,12,,False
shrtwe-apex01,halt,7,,False
shrtwe-apex01,lansweeper,54324,wheel,True
shrtwe-apex01,libstoragemgmt,996,,False
shrtwe-apex01,lp,4,,False
shrtwe-apex01,mail,8,,False
shrtwe-apex01,nobody,65534,,False
shrtwe-apex01,nxautomation,984,omiusers;omsagent,False
shrtwe-apex01,omi,986,,False
shrtwe-apex01,omsagent,985,,False
shrtwe-apex01,operator,11,,False
shrtwe-apex01,oracle,54321,oinstall;dba;oper;backupdba;dgdba;kmdba;racdba,False
shrtwe-apex01,pipewire,983,,False
shrtwe-apex01,polkitd,997,,False
shrtwe-apex01,root,0,,False
shrtwe-apex01,rpc,32,,False
shrtwe-apex01,rpcuser,29,,False
shrtwe-apex01,rtkit,172,,False
shrtwe-apex01,saslauth,980,,False
shrtwe-apex01,sentinelone,979,,False
shrtwe-apex01,setroubleshoot,981,,False
shrtwe-apex01,shutdown,6,,False
shrtwe-apex01,sshd,74,,False
shrtwe-apex01,sssd,995,,False
shrtwe-apex01,svc_rapid7,54322,,False
shrtwe-apex01,sync,5,,False
shrtwe-apex01,systemd-coredump,999,,False
shrtwe-apex01,systemd-resolve,193,,False
shrtwe-apex01,tcpdump,72,,False
shrtwe-apex01,tss,59,,False
shrtwe-apex01,unbound,998,,False
dbtwe-ora03,abrt,173,,False
dbtwe-ora03,adm,3,adm;systemd-journal;admin,True
dbtwe-ora03,adm_andy,7001,admin,True
dbtwe-ora03,ansible,54323,wheel,True
dbtwe-ora03,applmgr,54321,oinstall,False
dbtwe-ora03,axi.a_kwlm,2002,admin,True
dbtwe-ora03,axi.a_mley,2001,admin,True
dbtwe-ora03,azureadmin,1000,adm;systemd-journal,False
dbtwe-ora03,bin,1,,False
dbtwe-ora03,chrony,997,,False
dbtwe-ora03,daemon,2,,False
dbtwe-ora03,dbus,81,,False
dbtwe-ora03,ftp,14,,False
dbtwe-ora03,games,12,,False
dbtwe-ora03,halt,7,,False
dbtwe-ora03,lansweeper,54322,wheel,True
dbtwe-ora03,libstoragemgmt,998,,False
dbtwe-ora03,lp,4,,False
dbtwe-ora03,mail,8,,False
dbtwe-ora03,nfsnobody,65534,,False
dbtwe-ora03,nobody,99,,False
dbtwe-ora03,ntp,38,,False
dbtwe-ora03,nxautomation,994,omiusers;omsagent,False
dbtwe-ora03,omi,996,,False
dbtwe-ora03,omsagent,995,omi,False
dbtwe-ora03,operator,11,,False
dbtwe-ora03,oracle,1001,dba,False
dbtwe-ora03,polkitd,999,,False
dbtwe-ora03,postfix,89,mail,False
dbtwe-ora03,root,0,,False
dbtwe-ora03,rpc,32,,False
dbtwe-ora03,rpcuser,29,,False
dbtwe-ora03,sentinelone,993,,False
dbtwe-ora03,shutdown,6,,False
dbtwe-ora03,sshd,74,,False
dbtwe-ora03,sync,5,,False
dbtwe-ora03,systemd-network,192,,False
dbtwe-ora03,tcpdump,72,,False
dbtwe-ora03,tss,59,,False
shrpwe-apex01,adm,3,adm;systemd-journal;admin,True
shrpwe-apex01,adm_andy,7001,admin,True
shrpwe-apex01,ansible,54324,wheel,True
shrpwe-apex01,apache,48,,False
shrpwe-apex01,axi.a_kwlm,2002,admin,True
shrpwe-apex01,axi.a_mley,2001,admin,True
shrpwe-apex01,azureadmin,1000,adm;systemd-journal,False
shrpwe-apex01,bin,1,,False
shrpwe-apex01,chrony,992,,False
shrpwe-apex01,clevis,983,tss,False
shrpwe-apex01,cockpit-ws,994,,False
shrpwe-apex01,cockpit-wsinstance,993,,False
shrpwe-apex01,daemon,2,,False
shrpwe-apex01,dbus,81,,False
shrpwe-apex01,dnsmasq,987,,False
shrpwe-apex01,ftp,14,,False
shrpwe-apex01,games,12,,False
shrpwe-apex01,halt,7,,False
shrpwe-apex01,lansweeper,54323,wheel,True
shrpwe-apex01,libstoragemgmt,996,,False
shrpwe-apex01,lp,4,,False
shrpwe-apex01,mail,8,,False
shrpwe-apex01,nobody,65534,,False
shrpwe-apex01,nxautomation,984,omiusers;omsagent,False
shrpwe-apex01,omi,986,,False
shrpwe-apex01,omsagent,985,,False
shrpwe-apex01,operator,11,,False
shrpwe-apex01,oracle,54321,oinstall;dba;oper;backupdba;dgdba;kmdba;racdba,False
shrpwe-apex01,polkitd,997,,False
shrpwe-apex01,root,0,,False
shrpwe-apex01,rpc,32,,False
shrpwe-apex01,rpcuser,29,,False
shrpwe-apex01,sentinelone,981,,False
shrpwe-apex01,setroubleshoot,982,,False
shrpwe-apex01,shutdown,6,,False
shrpwe-apex01,sshd,74,,False
shrpwe-apex01,sssd,995,,False
shrpwe-apex01,svc_rapid7,54322,,False
shrpwe-apex01,sync,5,,False
shrpwe-apex01,systemd-coredump,999,,False
shrpwe-apex01,systemd-resolve,193,,False
shrpwe-apex01,tcpdump,72,,False
shrpwe-apex01,tss,59,,False
shrpwe-apex01,unbound,998,,False
shrpwe-abld01,_apt,105,,False
shrpwe-abld01,_chrony,113,,False
shrpwe-abld01,adm_andy,7001,admin,True
shrpwe-abld01,ansible,1003,sudo,True
shrpwe-abld01,axi.a_kwlm,2002,admin,True
shrpwe-abld01,axi.a_mley,2001,admin,True
shrpwe-abld01,azureadmin,1000,adm;dialout;cdrom;floppy;sudo;audio;dip;video;plugdev;netdev;lxd,True
shrpwe-abld01,backup,34,,False
shrpwe-abld01,bin,2,,False
shrpwe-abld01,daemon,1,,False
shrpwe-abld01,fwupd-refresh,112,,False
shrpwe-abld01,games,5,,False
shrpwe-abld01,gnats,41,,False
shrpwe-abld01,irc,39,,False
shrpwe-abld01,landscape,110,,False
shrpwe-abld01,lansweeper,1002,sudo,True
shrpwe-abld01,list,38,,False
shrpwe-abld01,lp,7,,False
shrpwe-abld01,lxd,998,,False
shrpwe-abld01,mail,8,,False
shrpwe-abld01,man,6,,False
shrpwe-abld01,messagebus,103,,False
shrpwe-abld01,news,9,,False
shrpwe-abld01,nobody,65534,,False
shrpwe-abld01,nxautomation,995,omiusers;omsagent,False
shrpwe-abld01,omi,997,,False
shrpwe-abld01,omsagent,996,,False
shrpwe-abld01,pollinate,111,,False
shrpwe-abld01,proxy,13,,False
shrpwe-abld01,root,0,,False
shrpwe-abld01,sentinelone,994,,False
shrpwe-abld01,sshd,109,,False
shrpwe-abld01,svc_rapid7,1001,sudo,True
shrpwe-abld01,sync,4,,False
shrpwe-abld01,sys,3,adm;tty,False
shrpwe-abld01,syslog,104,adm;tty,False
shrpwe-abld01,systemd-coredump,999,,False
shrpwe-abld01,systemd-network,100,,False
shrpwe-abld01,systemd-resolve,101,,False
shrpwe-abld01,systemd-timesync,102,,False
shrpwe-abld01,tcpdump,108,,False
shrpwe-abld01,tss,106,,False
shrpwe-abld01,uucp,10,,False
shrpwe-abld01,uuidd,107,,False
shrpwe-abld01,www-data,33,,False
epftwe-opa01,abrt,173,,False
epftwe-opa01,adm,3,lpadmin;sys;admin,True
epftwe-opa01,adm_andy,7001,admin,True
epftwe-opa01,ansible,1004,wheel,True
epftwe-opa01,axi.a_kwlm,2002,admin,True
epftwe-opa01,axi.a_mley,2001,admin,True
epftwe-opa01,azureadmin,1000,lpadmin;sys,False
epftwe-opa01,bin,1,,False
epftwe-opa01,chrony,997,,False
epftwe-opa01,daemon,2,,False
epftwe-opa01,dbus,81,,False
epftwe-opa01,ftp,14,,False
epftwe-opa01,games,12,,False
epftwe-opa01,halt,7,,False
epftwe-opa01,lansweeper,1003,wheel,True
epftwe-opa01,libstoragemgmt,998,,False
epftwe-opa01,lp,4,,False
epftwe-opa01,mail,8,,False
epftwe-opa01,nfsnobody,65534,,False
epftwe-opa01,nobody,99,,False
epftwe-opa01,ntp,38,,False
epftwe-opa01,nxautomation,990,omiusers;omsagent,False
epftwe-opa01,omi,992,,False
epftwe-opa01,omsagent,991,,False
epftwe-opa01,operator,11,,False
epftwe-opa01,oracle,1001,oinstall,False
epftwe-opa01,polkitd,999,,False
epftwe-opa01,postfix,89,mail,False
epftwe-opa01,root,0,,False
epftwe-opa01,rpc,32,,False
epftwe-opa01,rpcuser,29,,False
epftwe-opa01,sentinelone,989,,False
epftwe-opa01,shutdown,6,,False
epftwe-opa01,sshd,74,,False
epftwe-opa01,svc_rapid7,1002,,False
epftwe-opa01,swiagent,993,,False
epftwe-opa01,sync,5,,False
epftwe-opa01,systemd-network,192,,False
epftwe-opa01,tcpdump,72,,False
epftwe-opa01,tss,59,,False
epbtwe-rpr01,abrt,173,,False
epbtwe-rpr01,adm,3,admin,True
epbtwe-rpr01,adm_andy,7001,admin,True
epbtwe-rpr01,ansible,1004,wheel,True
epbtwe-rpr01,apache,48,,False
epbtwe-rpr01,avahi,70,,False
epbtwe-rpr01,axi.a_kwlm,2002,admin,True
epbtwe-rpr01,axi.a_mley,2001,admin,True
epbtwe-rpr01,bin,1,,False
epbtwe-rpr01,chrony,997,,False
epbtwe-rpr01,colord,991,,False
epbtwe-rpr01,daemon,2,,False
epbtwe-rpr01,dbus,81,,False
epbtwe-rpr01,dcscomms,1001,,False
epbtwe-rpr01,ftp,14,,False
epbtwe-rpr01,games,12,,False
epbtwe-rpr01,gdm,42,,False
epbtwe-rpr01,geoclue,993,,False
epbtwe-rpr01,gluster,988,,False
epbtwe-rpr01,gnome-initial-setup,985,,False
epbtwe-rpr01,halt,7,,False
epbtwe-rpr01,lansweeper,1003,wheel,True
epbtwe-rpr01,libstoragemgmt,998,,False
epbtwe-rpr01,lp,4,,False
epbtwe-rpr01,mail,8,,False
epbtwe-rpr01,nfsnobody,65534,,False
epbtwe-rpr01,nobody,99,,False
epbtwe-rpr01,ntp,38,,False
epbtwe-rpr01,nxautomation,982,omiusers;omsagent,False
epbtwe-rpr01,omi,984,,False
epbtwe-rpr01,omsagent,983,,False
epbtwe-rpr01,operator,11,,False
epbtwe-rpr01,pcp,992,,False
epbtwe-rpr01,polkitd,999,,False
epbtwe-rpr01,postfix,89,mail,False
epbtwe-rpr01,pulse,171,,False
epbtwe-rpr01,qemu,107,kvm,False
epbtwe-rpr01,radvd,75,,False
epbtwe-rpr01,root,0,,False
epbtwe-rpr01,rpc,32,,False
epbtwe-rpr01,rpcuser,29,,False
epbtwe-rpr01,rtkit,172,,False
epbtwe-rpr01,saned,990,,False
epbtwe-rpr01,saslauth,987,,False
epbtwe-rpr01,sentinelone,981,,False
epbtwe-rpr01,setroubleshoot,986,,False
epbtwe-rpr01,shutdown,6,,False
epbtwe-rpr01,socius24,1000,,False
epbtwe-rpr01,sshd,74,,False
epbtwe-rpr01,svc_rapid7,1002,,False
epbtwe-rpr01,sync,5,,False
epbtwe-rpr01,systemd-network,192,,False
epbtwe-rpr01,tcpdump,72,,False
epbtwe-rpr01,tss,59,,False
epbtwe-rpr01,tstdba,1001,,False
epbtwe-rpr01,unbound,989,,False
epbtwe-rpr01,usbmuxd,113,,False
epbdwe-rpr01,AzureAdmin,1001,systemd-journal;adm,False
epbdwe-rpr01,abrt,173,,False
epbdwe-rpr01,adm,3,admin,True
epbdwe-rpr01,adm_andy,7001,admin,True
epbdwe-rpr01,ansible,1006,,False
epbdwe-rpr01,axi.a_kwlm,2002,admin,True
epbdwe-rpr01,axi.a_mley,2001,admin,True
epbdwe-rpr01,azureadmin,1005,,False
epbdwe-rpr01,bin,1,,False
epbdwe-rpr01,blueyonder,1002,adm,False
epbdwe-rpr01,chrony,997,,False
epbdwe-rpr01,daemon,2,,False
epbdwe-rpr01,dbus,81,,False
epbdwe-rpr01,ftp,14,,False
epbdwe-rpr01,games,12,,False
epbdwe-rpr01,halt,7,,False
epbdwe-rpr01,lansweeper,1007,,False
epbdwe-rpr01,libstoragemgmt,998,,False
epbdwe-rpr01,lp,4,,False
epbdwe-rpr01,mail,8,,False
epbdwe-rpr01,nobody,99,,False
epbdwe-rpr01,ntp,38,,False
epbdwe-rpr01,nxautomation,994,omiusers;omsagent,False
epbdwe-rpr01,omi,996,,False
epbdwe-rpr01,omsagent,995,,False
epbdwe-rpr01,operator,11,,False
epbdwe-rpr01,packer,1000,,False
epbdwe-rpr01,polkitd,999,,False
epbdwe-rpr01,root,0,,False
epbdwe-rpr01,rpc,32,,False
epbdwe-rpr01,sentinelone,993,,False
epbdwe-rpr01,shutdown,6,,False
epbdwe-rpr01,socius24,1003,,False
epbdwe-rpr01,sshd,74,,False
epbdwe-rpr01,svc_rapid7,1004,,False
epbdwe-rpr01,sync,5,,False
epbdwe-rpr01,systemd-network,192,,False
epbdwe-rpr01,tcpdump,72,,False
epftwe-opa02,abrt,173,,False
epftwe-opa02,adm,3,admin,True
epftwe-opa02,adm_andy,7001,admin,True
epftwe-opa02,ansible,1004,wheel,True
epftwe-opa02,axi.a_kwlm,2002,admin,True
epftwe-opa02,axi.a_mley,2001,admin,True
epftwe-opa02,azureadmin,1000,,False
epftwe-opa02,bin,1,,False
epftwe-opa02,chrony,997,,False
epftwe-opa02,daemon,2,,False
epftwe-opa02,dbus,81,,False
epftwe-opa02,ftp,14,,False
epftwe-opa02,games,12,,False
epftwe-opa02,halt,7,,False
epftwe-opa02,lansweeper,1003,wheel,True
epftwe-opa02,libstoragemgmt,998,,False
epftwe-opa02,lp,4,,False
epftwe-opa02,mail,8,,False
epftwe-opa02,nfsnobody,65534,,False
epftwe-opa02,nobody,99,,False
epftwe-opa02,ntp,38,,False
epftwe-opa02,nxautomation,991,omiusers;omsagent,False
epftwe-opa02,omi,992,,False
epftwe-opa02,omsagent,995,,False
epftwe-opa02,operator,11,,False
epftwe-opa02,oracle,1001,,False
epftwe-opa02,polkitd,999,,False
epftwe-opa02,postfix,89,mail,False
epftwe-opa02,root,0,,False
epftwe-opa02,rpc,32,,False
epftwe-opa02,rpcuser,29,,False
epftwe-opa02,sentinelone,990,,False
epftwe-opa02,shutdown,6,,False
epftwe-opa02,sshd,74,,False
epftwe-opa02,svc_rapid7,1002,,False
epftwe-opa02,swiagent,993,,False
epftwe-opa02,sync,5,,False
epftwe-opa02,systemd-network,192,,False
epftwe-opa02,tcpdump,72,,False
epftwe-opa02,tss,59,,False
dbpwe-ora06,adm,3,adm;systemd-journal;admin,True
dbpwe-ora06,adm_andy,7001,admin,True
dbpwe-ora06,ansible,54324,wheel,True
dbpwe-ora06,ansible-exi,54325,,False
dbpwe-ora06,axi.a_kwlm,2002,admin,True
dbpwe-ora06,axi.a_mley,2001,admin,True
dbpwe-ora06,azureadmin,1000,adm;systemd-journal,False
dbpwe-ora06,bin,1,,False
dbpwe-ora06,chrony,992,,False
dbpwe-ora06,cockpit-ws,994,,False
dbpwe-ora06,cockpit-wsinstance,993,,False
dbpwe-ora06,daemon,2,,False
dbpwe-ora06,dbus,81,,False
dbpwe-ora06,dnsmasq,987,,False
dbpwe-ora06,ftp,14,,False
dbpwe-ora06,games,12,,False
dbpwe-ora06,halt,7,,False
dbpwe-ora06,lansweeper,54323,wheel,True
dbpwe-ora06,libstoragemgmt,996,,False
dbpwe-ora06,lp,4,,False
dbpwe-ora06,mail,8,,False
dbpwe-ora06,mailnull,47,,False
dbpwe-ora06,nagios,983,,False
dbpwe-ora06,nobody,65534,,False
dbpwe-ora06,nxautomation,984,omiusers;omsagent,False
dbpwe-ora06,omi,986,,False
dbpwe-ora06,omsagent,985,,False
dbpwe-ora06,operator,11,,False
dbpwe-ora06,oracle,54321,oinstall;dba;oper;backupdba;dgdba;kmdba;racdba,False
dbpwe-ora06,polkitd,997,,False
dbpwe-ora06,root,0,,False
dbpwe-ora06,rpc,32,,False
dbpwe-ora06,rpcuser,29,,False
dbpwe-ora06,saslauth,982,,False
dbpwe-ora06,shutdown,6,,False
dbpwe-ora06,smmsp,51,,False
dbpwe-ora06,sshd,74,,False
dbpwe-ora06,sssd,995,,False
dbpwe-ora06,svc_rapid7,54322,,False
dbpwe-ora06,swiagent,981,,False
dbpwe-ora06,sync,5,,False
dbpwe-ora06,systemd-coredump,999,,False
dbpwe-ora06,systemd-resolve,193,,False
dbpwe-ora06,tcpdump,72,,False
dbpwe-ora06,tss,59,,False
dbpwe-ora06,unbound,998,,False
dbpwe-ora06,zabbix,980,,False
ipostwe-docker01,_apt,105,,False
ipostwe-docker01,_chrony,112,,False
ipostwe-docker01,adm_andy,7001,admin,True
ipostwe-docker01,ankita,1013,adm;docker,False
ipostwe-docker01,ansible,1026,sudo,True
ipostwe-docker01,axi.a_kwlm,2002,admin,True
ipostwe-docker01,axi.a_mley,2001,admin,True
ipostwe-docker01,backup,34,,False
ipostwe-docker01,bin,2,,False
ipostwe-docker01,chetan,1024,docker,False
ipostwe-docker01,daemon,1,,False
ipostwe-docker01,epinfra,1000,adm;dialout;cdrom;floppy;sudo;audio;dip;video;plugdev;netdev;lxd;docker,True
ipostwe-docker01,games,5,,False
ipostwe-docker01,gnats,41,,False
ipostwe-docker01,govardhan,1019,docker,False
ipostwe-docker01,harshita,1017,docker,False
ipostwe-docker01,irc,39,,False
ipostwe-docker01,ithekhar,1004,adm;docker,False
ipostwe-docker01,krishna,1012,adm;docker,False
ipostwe-docker01,landscape,110,,False
ipostwe-docker01,lansweeper,1025,sudo,True
ipostwe-docker01,list,38,,False
ipostwe-docker01,lokesh,1011,adm;docker,False
ipostwe-docker01,lp,7,,False
ipostwe-docker01,lxd,998,,False
ipostwe-docker01,mail,8,,False
ipostwe-docker01,man,6,adm;docker,False
ipostwe-docker01,manikanta,1007,adm;docker,False
ipostwe-docker01,messagebus,103,,False
ipostwe-docker01,news,9,,False
ipostwe-docker01,nobody,65534,,False
ipostwe-docker01,nxautomation,995,omiusers;omsagent,False
ipostwe-docker01,omi,997,,False
ipostwe-docker01,omsagent,996,,False
ipostwe-docker01,pavan,1006,adm;docker,False
ipostwe-docker01,pollinate,111,,False
ipostwe-docker01,praneet,1003,adm;docker,False
ipostwe-docker01,proxy,13,,False
ipostwe-docker01,raju,1009,adm;docker,False
ipostwe-docker01,ravi,1010,adm;docker,False
ipostwe-docker01,rcheekatla,1027,sudo;docker,True
ipostwe-docker01,revathi,1014,adm;docker,False
ipostwe-docker01,root,0,,False
ipostwe-docker01,sahithi,1020,,False
ipostwe-docker01,satyanarayana,1016,adm;sudo;docker,True
ipostwe-docker01,sentinelone,993,,False
ipostwe-docker01,shabana,1023,sudo;docker,True
ipostwe-docker01,shahbaz,1002,adm;docker,False
ipostwe-docker01,skathuroju,1028,sudo;docker,True
ipostwe-docker01,sreekar,1015,adm;docker,False
ipostwe-docker01,srilakshmi,1018,docker,False
ipostwe-docker01,sshd,109,,False
ipostwe-docker01,sukant,1005,adm;docker,False
ipostwe-docker01,swiagent,994,,False
ipostwe-docker01,sync,4,,False
ipostwe-docker01,sys,3,adm;tty,False
ipostwe-docker01,syslog,104,adm;tty,False
ipostwe-docker01,systemd-coredump,999,,False
ipostwe-docker01,systemd-network,100,,False
ipostwe-docker01,systemd-resolve,101,,False
ipostwe-docker01,systemd-timesync,102,,False
ipostwe-docker01,tcpdump,108,,False
ipostwe-docker01,tss,106,,False
ipostwe-docker01,ujjwal,1001,adm;docker,False
ipostwe-docker01,uucp,10,,False
ipostwe-docker01,uuidd,107,,False
ipostwe-docker01,venkat,1008,adm;docker,False
ipostwe-docker01,www-data,33,,False
ipostwe-docker01,yugandhar,1021,docker,False
dbpwe-mon02,AzureAdmin,1000,,False
dbpwe-mon02,abrt,173,,False
dbpwe-mon02,adm,3,admin,True
dbpwe-mon02,adm_andy,7001,admin,True
dbpwe-mon02,ansible,54324,wheel,True
dbpwe-mon02,apache,48,,False
dbpwe-mon02,axi.a_kwlm,2002,admin,True
dbpwe-mon02,axi.a_mley,2001,admin,True
dbpwe-mon02,bin,1,,False
dbpwe-mon02,chrony,997,,False
dbpwe-mon02,daemon,2,,False
dbpwe-mon02,dbus,81,,False
dbpwe-mon02,ftp,14,,False
dbpwe-mon02,games,12,,False
dbpwe-mon02,halt,7,,False
dbpwe-mon02,lansweeper,54323,wheel,True
dbpwe-mon02,libstoragemgmt,998,,False
dbpwe-mon02,lp,4,,False
dbpwe-mon02,mail,8,,False
dbpwe-mon02,nagios,993,,False
dbpwe-mon02,nfsnobody,65534,,False
dbpwe-mon02,nobody,99,,False
dbpwe-mon02,ntp,38,,False
dbpwe-mon02,nxautomation,990,omiusers;omsagent,False
dbpwe-mon02,omi,992,,False
dbpwe-mon02,omsagent,991,,False
dbpwe-mon02,operator,11,,False
dbpwe-mon02,oracle,54321,oinstall;dba;oper;backupdba;dgdba;kmdba;racdba,False
dbpwe-mon02,polkitd,999,,False
dbpwe-mon02,postfix,89,mail,False
dbpwe-mon02,root,0,,False
dbpwe-mon02,rpc,32,,False
dbpwe-mon02,rpcuser,29,,False
dbpwe-mon02,sentinelone,989,,False
dbpwe-mon02,shutdown,6,,False
dbpwe-mon02,sshd,74,,False
dbpwe-mon02,svc_rapid7,54322,,False
dbpwe-mon02,sync,5,,False
dbpwe-mon02,systemd-network,192,,False
dbpwe-mon02,tcpdump,72,,False
dbpwe-mon02,tomcat,53,,False
dbpwe-mon02,tss,59,,False
epbtwe-stp03,_apt,100,,False
epbtwe-stp03,_chrony,106,,False
epbtwe-stp03,adm_andy,7001,admin,True
epbtwe-stp03,ansible,1005,sudo,True
epbtwe-stp03,axi.a_kwlm,2002,admin,True
epbtwe-stp03,axi.a_mley,2001,admin,True
epbtwe-stp03,backup,34,,False
epbtwe-stp03,bin,2,,False
epbtwe-stp03,copas,997,,False
epbtwe-stp03,daemon,1,,False
epbtwe-stp03,edistep_inbound,1002,,False
epbtwe-stp03,edistpusr,1000,adm;dialout;cdrom;floppy;sudo;audio;dip;video;plugdev;netdev,True
epbtwe-stp03,elasticsearch,108,,False
epbtwe-stp03,games,5,,False
epbtwe-stp03,gnats,41,,False
epbtwe-stp03,irc,39,,False
epbtwe-stp03,lansweeper,1004,sudo,True
epbtwe-stp03,list,38,,False
epbtwe-stp03,lp,7,,False
epbtwe-stp03,mail,8,,False
epbtwe-stp03,man,6,,False
epbtwe-stp03,messagebus,103,,False
epbtwe-stp03,news,9,,False
epbtwe-stp03,nobody,65534,,False
epbtwe-stp03,proxy,13,,False
epbtwe-stp03,root,0,,False
epbtwe-stp03,sentinelone,996,,False
epbtwe-stp03,sshd,107,,False
epbtwe-stp03,svc_rapid7,1003,sudo,True
epbtwe-stp03,sync,4,,False
epbtwe-stp03,sys,3,,False
epbtwe-stp03,systemd-coredump,998,,False
epbtwe-stp03,systemd-network,101,,False
epbtwe-stp03,systemd-resolve,102,,False
epbtwe-stp03,systemd-timesync,999,,False
epbtwe-stp03,tcpdump,105,,False
epbtwe-stp03,uucp,10,,False
epbtwe-stp03,uuidd,104,,False
epbtwe-stp03,wildfly,1001,,False
epbtwe-stp03,www-data,33,,False
dbpwe-ora03,abrt,173,,False
dbpwe-ora03,adm,3,admin,True
dbpwe-ora03,adm_andy,7001,admin,True
dbpwe-ora03,ansible,54325,wheel,True
dbpwe-ora03,ansible-exi,54326,,False
dbpwe-ora03,applmgr,54322,oinstall,False
dbpwe-ora03,axi.a_kwlm,2002,admin,True
dbpwe-ora03,axi.a_mley,2001,admin,True
dbpwe-ora03,azureadmin,1000,,False
dbpwe-ora03,bin,1,,False
dbpwe-ora03,bverweire,1001,wheel,True
dbpwe-ora03,chrony,997,,False
dbpwe-ora03,daemon,2,,False
dbpwe-ora03,dbus,81,,False
dbpwe-ora03,ftp,14,,False
dbpwe-ora03,games,12,,False
dbpwe-ora03,halt,7,,False
dbpwe-ora03,lansweeper,54324,wheel,True
dbpwe-ora03,libstoragemgmt,998,,False
dbpwe-ora03,lp,4,,False
dbpwe-ora03,mail,8,,False
dbpwe-ora03,nagios,992,,False
dbpwe-ora03,nfsnobody,65534,,False
dbpwe-ora03,nobody,99,,False
dbpwe-ora03,ntp,38,,False
dbpwe-ora03,nxautomation,994,omiusers;omsagent,False
dbpwe-ora03,omi,996,,False
dbpwe-ora03,omsagent,995,,False
dbpwe-ora03,operator,11,,False
dbpwe-ora03,oracle,54321,oinstall;dba;oper;backupdba;dgdba;kmdba;racdba,False
dbpwe-ora03,polkitd,999,,False
dbpwe-ora03,postfix,89,mail,False
dbpwe-ora03,root,0,,False
dbpwe-ora03,rpc,32,,False
dbpwe-ora03,rpcuser,29,,False
dbpwe-ora03,shutdown,6,,False
dbpwe-ora03,sshd,74,,False
dbpwe-ora03,svc_rapid7,54323,,False
dbpwe-ora03,swiagent,993,,False
dbpwe-ora03,sync,5,,False
dbpwe-ora03,systemd-network,192,,False
dbpwe-ora03,tcpdump,72,,False
dbpwe-ora03,tss,59,,False
dbpwe-ora03,zabbix,991,,False
dbtwe-ora02,abrt,173,,False
dbtwe-ora02,adm,3,wheel;admin,True
dbtwe-ora02,adm_andy,7001,admin,True
dbtwe-ora02,ansible,54325,wheel,True
dbtwe-ora02,ansible-exi,54326,,False
dbtwe-ora02,applmgr,54322,oinstall,False
dbtwe-ora02,axi.a_kwlm,2002,admin,True
dbtwe-ora02,axi.a_mley,2001,admin,True
dbtwe-ora02,azureadmin,1000,wheel,True
dbtwe-ora02,bin,1,,False
dbtwe-ora02,bverweire,1001,wheel,True
dbtwe-ora02,chrony,997,,False
dbtwe-ora02,daemon,2,,False
dbtwe-ora02,dbus,81,,False
dbtwe-ora02,ftp,14,,False
dbtwe-ora02,games,12,,False
dbtwe-ora02,halt,7,,False
dbtwe-ora02,lansweeper,54324,wheel,True
dbtwe-ora02,libstoragemgmt,998,,False
dbtwe-ora02,lp,4,,False
dbtwe-ora02,mail,8,,False
dbtwe-ora02,nagios,992,,False
dbtwe-ora02,nfsnobody,65534,,False
dbtwe-ora02,nobody,99,,False
dbtwe-ora02,ntp,38,,False
dbtwe-ora02,nxautomation,994,omiusers;omsagent,False
dbtwe-ora02,omi,996,,False
dbtwe-ora02,omsagent,995,,False
dbtwe-ora02,operator,11,,False
dbtwe-ora02,oracle,54321,oinstall;dba;oper;backupdba;dgdba;kmdba;racdba,False
dbtwe-ora02,polkitd,999,,False
dbtwe-ora02,postfix,89,mail,False
dbtwe-ora02,root,0,,False
dbtwe-ora02,rpc,32,,False
dbtwe-ora02,rpcuser,29,,False
dbtwe-ora02,sentinelone,991,,False
dbtwe-ora02,shutdown,6,,False
dbtwe-ora02,sshd,74,,False
dbtwe-ora02,svc_rapid7,54323,,False
dbtwe-ora02,swiagent,993,,False
dbtwe-ora02,sync,5,,False
dbtwe-ora02,systemd-network,192,,False
dbtwe-ora02,tcpdump,72,,False
dbtwe-ora02,tss,59,,False
dbtwe-ora02,zabbix,990,,False
dbpwe-ora05,adm,3,adm;systemd-journal;admin,True
dbpwe-ora05,adm_andy,7001,admin,True
dbpwe-ora05,ansible,54324,wheel,True
dbpwe-ora05,ansible-exi,54325,,False
dbpwe-ora05,axi.a_kwlm,2002,admin,True
dbpwe-ora05,axi.a_mley,2001,admin,True
dbpwe-ora05,azureadmin,1000,adm;systemd-journal,False
dbpwe-ora05,bin,1,,False
dbpwe-ora05,chrony,992,,False
dbpwe-ora05,cockpit-ws,994,,False
dbpwe-ora05,cockpit-wsinstance,993,,False
dbpwe-ora05,daemon,2,,False
dbpwe-ora05,dbus,81,,False
dbpwe-ora05,dnsmasq,987,,False
dbpwe-ora05,ftp,14,,False
dbpwe-ora05,games,12,,False
dbpwe-ora05,halt,7,,False
dbpwe-ora05,lansweeper,54323,wheel,True
dbpwe-ora05,libstoragemgmt,996,,False
dbpwe-ora05,lp,4,,False
dbpwe-ora05,mail,8,,False
dbpwe-ora05,mailnull,47,,False
dbpwe-ora05,nagios,983,,False
dbpwe-ora05,nobody,65534,,False
dbpwe-ora05,nxautomation,984,omiusers;omsagent,False
dbpwe-ora05,omi,986,,False
dbpwe-ora05,omsagent,985,,False
dbpwe-ora05,operator,11,,False
dbpwe-ora05,oracle,54321,oinstall;dba;oper;backupdba;dgdba;kmdba;racdba,False
dbpwe-ora05,polkitd,997,,False
dbpwe-ora05,postfix,89,mail,False
dbpwe-ora05,root,0,,False
dbpwe-ora05,rpc,32,,False
dbpwe-ora05,rpcuser,29,,False
dbpwe-ora05,saslauth,982,,False
dbpwe-ora05,shutdown,6,,False
dbpwe-ora05,smmsp,51,,False
dbpwe-ora05,sshd,74,,False
dbpwe-ora05,sssd,995,,False
dbpwe-ora05,svc_rapid7,54322,,False
dbpwe-ora05,sync,5,,False
dbpwe-ora05,systemd-coredump,999,,False
dbpwe-ora05,systemd-resolve,193,,False
dbpwe-ora05,tcpdump,72,,False
dbpwe-ora05,tss,59,,False
dbpwe-ora05,unbound,998,,False
dbpwe-ora05,zabbix,981,,False
epbpwe-stt04,_apt,42,,False
epbpwe-stt04,_chrony,109,,False
epbpwe-stt04,adm_andy,7001,admin,True
epbpwe-stt04,ansible,1001,sudo,True
epbpwe-stt04,axi.a_kwlm,2002,admin,True
epbpwe-stt04,axi.a_mley,2001,admin,True
epbpwe-stt04,backup,34,,False
epbpwe-stt04,bin,2,,False
epbpwe-stt04,daemon,1,,False
epbpwe-stt04,dhcpcd,100,,False
epbpwe-stt04,eproot,1000,adm;cdrom;sudo;dip;lxd,True
epbpwe-stt04,fwupd-refresh,990,,False
epbpwe-stt04,games,5,,False
epbpwe-stt04,irc,39,,False
epbpwe-stt04,landscape,108,,False
epbpwe-stt04,lansweeper,1003,sudo,True
epbpwe-stt04,lansweeperitagent,110,,False
epbpwe-stt04,list,38,,False
epbpwe-stt04,lp,7,,False
epbpwe-stt04,mail,8,,False
epbpwe-stt04,man,6,,False
epbpwe-stt04,messagebus,101,,False
epbpwe-stt04,news,9,,False
epbpwe-stt04,nobody,65534,,False
epbpwe-stt04,polkitd,989,,False
epbpwe-stt04,pollinate,106,,False
epbpwe-stt04,proxy,13,,False
epbpwe-stt04,root,0,adm;cdrom;sudo;dip;lxd,True
epbpwe-stt04,sentinelone,999,,False
epbpwe-stt04,sshd,105,,False
epbpwe-stt04,svc_rapid7,7002,,False
epbpwe-stt04,sync,4,,False
epbpwe-stt04,sys,3,adm,False
epbpwe-stt04,syslog,102,adm,False
epbpwe-stt04,systemd-network,998,,False
epbpwe-stt04,systemd-resolve,991,,False
epbpwe-stt04,systemd-timesync,996,,False
epbpwe-stt04,tcpdump,107,,False
epbpwe-stt04,tss,104,,False
epbpwe-stt04,uucp,10,,False
epbpwe-stt04,uuidd,103,,False
epbpwe-stt04,www-data,33,,False
epfpwe-opa01,abrt,173,,False
epfpwe-opa01,adm,3,admin,True
epfpwe-opa01,adm_andy,7001,admin,True
epfpwe-opa01,ansible,1005,wheel,True
epfpwe-opa01,axi.a_kwlm,2002,admin,True
epfpwe-opa01,axi.a_mley,2001,admin,True
epfpwe-opa01,azureadmin,1000,,False
epfpwe-opa01,bin,1,,False
epfpwe-opa01,bryxx,1001,wheel,True
epfpwe-opa01,chrony,997,,False
epfpwe-opa01,daemon,2,,False
epfpwe-opa01,dbus,81,,False
epfpwe-opa01,ftp,14,,False
epfpwe-opa01,games,12,,False
epfpwe-opa01,halt,7,,False
epfpwe-opa01,lansweeper,1004,wheel,True
epfpwe-opa01,libstoragemgmt,998,,False
epfpwe-opa01,lp,4,,False
epfpwe-opa01,mail,8,,False
epfpwe-opa01,nfsnobody,65534,,False
epfpwe-opa01,nobody,99,,False
epfpwe-opa01,ntp,38,,False
epfpwe-opa01,nxautomation,989,omiusers;omsagent,False
epfpwe-opa01,omi,990,,False
epfpwe-opa01,omsagent,991,,False
epfpwe-opa01,operator,11,,False
epfpwe-opa01,oracle,1002,,False
epfpwe-opa01,polkitd,999,,False
epfpwe-opa01,postfix,89,mail,False
epfpwe-opa01,root,0,,False
epfpwe-opa01,rpc,32,,False
epfpwe-opa01,rpcuser,29,,False
epfpwe-opa01,sentinelone,988,,False
epfpwe-opa01,shutdown,6,,False
epfpwe-opa01,sshd,74,,False
epfpwe-opa01,svc_rapid7,1003,,False
epfpwe-opa01,swiagent,993,,False
epfpwe-opa01,sync,5,,False
epfpwe-opa01,systemd-network,192,,False
epfpwe-opa01,tcpdump,72,,False
epfpwe-opa01,tss,59,,False
epfpwe-opa02,abrt,173,,False
epfpwe-opa02,adm,3,admin,True
epfpwe-opa02,adm_andy,7001,admin,True
epfpwe-opa02,ansible,1005,wheel,True
epfpwe-opa02,axi.a_kwlm,2002,admin,True
epfpwe-opa02,axi.a_mley,2001,admin,True
epfpwe-opa02,azureadmin,1000,,False
epfpwe-opa02,bin,1,,False
epfpwe-opa02,bryxx,1001,wheel,True
epfpwe-opa02,chrony,997,,False
epfpwe-opa02,daemon,2,,False
epfpwe-opa02,dbus,81,,False
epfpwe-opa02,ftp,14,,False
epfpwe-opa02,games,12,,False
epfpwe-opa02,halt,7,,False
epfpwe-opa02,lansweeper,1004,wheel,True
epfpwe-opa02,libstoragemgmt,998,,False
epfpwe-opa02,lp,4,,False
epfpwe-opa02,mail,8,,False
epfpwe-opa02,nfsnobody,65534,,False
epfpwe-opa02,nobody,99,,False
epfpwe-opa02,ntp,38,,False
epfpwe-opa02,nxautomation,991,omiusers;omsagent,False
epfpwe-opa02,omi,992,,False
epfpwe-opa02,omsagent,995,,False
epfpwe-opa02,operator,11,,False
epfpwe-opa02,oracle,1002,,False
epfpwe-opa02,polkitd,999,,False
epfpwe-opa02,postfix,89,mail,False
epfpwe-opa02,root,0,,False
epfpwe-opa02,rpc,32,,False
epfpwe-opa02,rpcuser,29,,False
epfpwe-opa02,sentinelone,990,,False
epfpwe-opa02,shutdown,6,,False
epfpwe-opa02,sshd,74,,False
epfpwe-opa02,svc_rapid7,1003,,False
epfpwe-opa02,swiagent,993,,False
epfpwe-opa02,sync,5,,False
epfpwe-opa02,systemd-network,192,,False
epfpwe-opa02,tcpdump,72,,False
epfpwe-opa02,tss,59,,False
dbtwe-ora04,adm,3,adm;systemd-journal;admin,True
dbtwe-ora04,adm_andy,7001,admin,True
dbtwe-ora04,ansible,54324,wheel,True
dbtwe-ora04,ansible-exi,54325,,False
dbtwe-ora04,axi.a_kwlm,2002,admin,True
dbtwe-ora04,axi.a_mley,2001,admin,True
dbtwe-ora04,azureadmin,1000,adm;systemd-journal,False
dbtwe-ora04,bin,1,,False
dbtwe-ora04,chrony,987,,False
dbtwe-ora04,clevis,997,tss,False
dbtwe-ora04,cockpit-ws,989,,False
dbtwe-ora04,cockpit-wsinstance,988,,False
dbtwe-ora04,daemon,2,,False
dbtwe-ora04,dbus,81,,False
dbtwe-ora04,dnsmasq,986,,False
dbtwe-ora04,flatpak,982,,False
dbtwe-ora04,ftp,14,,False
dbtwe-ora04,games,12,,False
dbtwe-ora04,geoclue,983,,False
dbtwe-ora04,halt,7,,False
dbtwe-ora04,lansweeper,54323,wheel,True
dbtwe-ora04,libstoragemgmt,990,,False
dbtwe-ora04,lp,4,,False
dbtwe-ora04,mail,8,,False
dbtwe-ora04,mailnull,47,,False
dbtwe-ora04,nagios,54322,,False
dbtwe-ora04,nobody,65534,,False
dbtwe-ora04,operator,11,,False
dbtwe-ora04,oracle,54321,oinstall;dba;oper;backupdba;dgdba;kmdba;racdba,False
dbtwe-ora04,pipewire,984,,False
dbtwe-ora04,polkitd,998,,False
dbtwe-ora04,postfix,89,mail,False
dbtwe-ora04,root,0,,False
dbtwe-ora04,rpc,32,,False
dbtwe-ora04,rpcuser,29,,False
dbtwe-ora04,rtkit,172,,False
dbtwe-ora04,saslauth,985,,False
dbtwe-ora04,sentinelone,981,,False
dbtwe-ora04,setroubleshoot,995,,False
dbtwe-ora04,shutdown,6,,False
dbtwe-ora04,smmsp,51,,False
dbtwe-ora04,sshd,74,,False
dbtwe-ora04,sssd,996,,False
dbtwe-ora04,sync,5,,False
dbtwe-ora04,systemd-coredump,999,,False
dbtwe-ora04,tcpdump,72,,False
dbtwe-ora04,tss,59,,False
dbtwe-ora04,zabbix,980,,False
dbpwe-ora04,abrt,173,,False
dbpwe-ora04,adm,3,admin,True
dbpwe-ora04,adm_andy,7001,admin,True
dbpwe-ora04,ansible,54326,wheel,True
dbpwe-ora04,ansible-exi,54327,,False
dbpwe-ora04,applmgr,54322,oinstall,False
dbpwe-ora04,axi.a_kwlm,2002,admin,True
dbpwe-ora04,axi.a_mley,2001,admin,True
dbpwe-ora04,azureadmin,1000,,False
dbpwe-ora04,bin,1,,False
dbpwe-ora04,bverweire,1001,wheel,True
dbpwe-ora04,chrony,997,,False
dbpwe-ora04,daemon,2,,False
dbpwe-ora04,dbus,81,,False
dbpwe-ora04,dmcnish,54323,,False
dbpwe-ora04,ftp,14,,False
dbpwe-ora04,games,12,,False
dbpwe-ora04,halt,7,,False
dbpwe-ora04,lansweeper,54325,wheel,True
dbpwe-ora04,libstoragemgmt,998,,False
dbpwe-ora04,lp,4,,False
dbpwe-ora04,mail,8,,False
dbpwe-ora04,nagios,992,,False
dbpwe-ora04,nfsnobody,65534,,False
dbpwe-ora04,nobody,99,,False
dbpwe-ora04,ntp,38,,False
dbpwe-ora04,nxautomation,994,omiusers;omsagent,False
dbpwe-ora04,omi,996,,False
dbpwe-ora04,omsagent,995,,False
dbpwe-ora04,operator,11,,False
dbpwe-ora04,oracle,54321,oinstall;dba;oper;backupdba;dgdba;kmdba;racdba,False
dbpwe-ora04,polkitd,999,,False
dbpwe-ora04,postfix,89,mail,False
dbpwe-ora04,root,0,,False
dbpwe-ora04,rpc,32,,False
dbpwe-ora04,rpcuser,29,,False
dbpwe-ora04,shutdown,6,,False
dbpwe-ora04,sshd,74,,False
dbpwe-ora04,svc_rapid7,54324,,False
dbpwe-ora04,swiagent,993,,False
dbpwe-ora04,sync,5,,False
dbpwe-ora04,systemd-network,192,,False
dbpwe-ora04,tcpdump,72,,False
dbpwe-ora04,tss,59,,False
dbpwe-ora04,zabbix,991,,False
